ResNet18,
1,69.66
1.10075,69.66
1.23282,69.58
2.01836583,69.47
2.097708,67.34
3.005834,66.87
3.3301906,65.46
3.5122151,65.41
,
ResNet50,
1,75.5
1.1615419,75.48
1.40368,76.206
1.694175,76.02
1.809119,75.86
2.2708031,75.47
2.76942429,75.45
2.78,75.04
3.61554,74.64
,
Mobilenet-V2,
1.06,69.47
1.09436588,68.222
1.1389201,68.596
1.16,68.15
1.49309437,
1.62482205,
1.86452095,
2.06650702,